{
  "model": "SpectralAttentionHybridSN",
  "version": "v4_improved",
  "novelties": [
    "Spectral Self-Attention",
    "Multi-Objective Loss (Focal+Dice+Boundary)"
  ],
  "improvements": [
    "Learning rate: 5e-6 \u2192 1e-4",
    "Tile size: 32 \u2192 64",
    "Boundary loss weight: 0.5 \u2192 0.1",
    "Data augmentation: flip + rotation",
    "Focal loss replacing CE",
    "Early stopping patience: 10 \u2192 15"
  ],
  "hyperparameters": {
    "learning_rate": 0.0001,
    "batch_size": 1,
    "accumulation_steps": 4,
    "tile_size": 64,
    "num_epochs": 50,
    "attention_reduction": 16,
    "loss_weights": {
      "focal": 1.0,
      "dice": 1.0,
      "boundary": 0.1
    },
    "focal_gamma": 2.0,
    "early_stopping_patience": 15
  },
  "test_results": {
    "pixel_accuracy": 0.3735538211975704,
    "mean_iou": 0.1272214666629831,
    "loss_total": 0.7837949568401485,
    "loss_focal": 0.13418548073922232,
    "loss_dice": 0.5477815750534529,
    "loss_boundary": 1.0182789945181083,
    "iou_per_class": [
      0.0,
      0.0,
      0.0,
      0.012063984759151936,
      0.0,
      0.0,
      0.36960041522979736
    ]
  },
  "training_history": {
    "train_loss": [
      1.6918002094406208,
      1.611941116894623,
      1.5874587172951355,
      1.5675449884654824,
      1.5494869633061321,
      1.5179261440720215,
      1.4553374949465976,
      1.416138798845421,
      1.3969153758318158,
      1.371612633606179,
      1.340690802479925,
      1.3214163498144156,
      1.3194311727613939,
      1.3169022232825915,
      1.3106472410670353,
      1.3084208424408075,
      1.3046007623990796,
      1.2854354825346026,
      1.2779643943549306,
      1.2752446052418271,
      1.2660830913201437,
      1.2645537733677121,
      1.260002720793272,
      1.254057935232842,
      1.2569285528752794,
      1.2505210845657948,
      1.2431130057049364,
      1.237312323965935,
      1.2398332764160058,
      1.2384571371611113,
      1.2425044742508276,
      1.2212098947795746,
      1.2270701695615223,
      1.2283484290076343,
      1.2199011570912517,
      1.216619565068533,
      1.2199583275382753,
      1.211925864239363,
      1.2120314849699403,
      1.206526386662973,
      1.20859843831305,
      1.2015106846028736,
      1.205712643567096,
      1.1988612359435213,
      1.1990605197201796,
      1.1949389006275257,
      1.1943004895580265,
      1.1827431441692824,
      1.1793310542967015,
      1.1830806156813665
    ],
    "val_loss": [
      1.4090274457084506,
      1.4068644489896924,
      1.4052899867296218,
      1.387887381017208,
      1.3450610340425844,
      1.3005192824100194,
      1.2536686510239776,
      1.2043230146169663,
      1.2256118786570274,
      1.150792334228754,
      1.1324109211564064,
      1.1200076229478184,
      1.058185906943522,
      1.060973018094113,
      1.140035341209487,
      1.1366649550826926,
      1.071280938386917,
      1.0784313906180232,
      1.0761001432020414,
      0.9597505552596167,
      1.0053425344197373,
      0.9785065928572103,
      1.0143660859449914,
      0.9360363372454518,
      0.9395808429310196,
      1.0243979472078775,
      1.017943380537786,
      0.9264940678289062,
      0.922100155330018,
      1.063068046283565,
      1.0227149377920126,
      1.0694455347367022,
      1.1083680097601916,
      0.9894141554832458,
      1.3228209810429499,
      1.0722685717438396,
      1.0459776181139444,
      0.9902826743690591,
      1.0253278294284092,
      1.0700027291712009,
      0.9128497872305544,
      1.184845914554439,
      1.0555507761867422,
      1.0274196043610573,
      1.1258633671622527,
      0.9902900430716967,
      1.2399337171135765,
      1.04435483158419,
      0.9378113587828059,
      1.0590377804872237
    ],
    "train_acc": [
      0.36197941225152513,
      0.4635905532269539,
      0.5292612886581363,
      0.5953597396243914,
      0.6800951073615625,
      0.7308352904592028,
      0.7440021096604796,
      0.7735218187793877,
      0.792688740269849,
      0.7952079890874271,
      0.7990477179045563,
      0.7929051876369924,
      0.7971145817980063,
      0.8009258250194596,
      0.8018084468854776,
      0.7980315158588157,
      0.7954384634524411,
      0.799401198250898,
      0.7947902003508475,
      0.7941779758437831,
      0.7957530998046793,
      0.7949531293261148,
      0.8017514756941259,
      0.8043844510944401,
      0.7978012572937689,
      0.7964645922966748,
      0.8066596301490679,
      0.8051157971834219,
      0.8009061872224407,
      0.8059509430566467,
      0.8018462118797449,
      0.8117330873789171,
      0.8082133899132072,
      0.8132954791417462,
      0.808685776041499,
      0.8150958982684425,
      0.8092267865593736,
      0.8067273913387818,
      0.8128597790078854,
      0.8187988099063405,
      0.8113802544324772,
      0.8107358757302939,
      0.8130099757850855,
      0.812727277827999,
      0.8110744658788959,
      0.8115470678071549,
      0.8164198310674695,
      0.8164001932704505,
      0.8182133445952141,
      0.8177416058668241
    ],
    "val_acc": [
      0.06703208184626326,
      0.0679425428193585,
      0.08117930445445702,
      0.04388052653211536,
      0.2630752204005445,
      0.03627171575738789,
      0.03917702878786258,
      0.2664737564725807,
      0.06396508182974475,
      0.18753610993160366,
      0.056811598709224795,
      0.059723907811211,
      0.32381180956304667,
      0.5053791044834129,
      0.03575109143573962,
      0.043075783972971834,
      0.197563035090157,
      0.04452571979373248,
      0.03544481897179125,
      0.1206993350817034,
      0.08479899412038489,
      0.2606707094891021,
      0.045769465840223324,
      0.47603622021689757,
      0.29511664491730544,
      0.03882003480545576,
      0.15895132774748844,
      0.41479980061196187,
      0.5795926537362421,
      0.037069267909700145,
      0.03663007008703307,
      0.0389191458185355,
      0.034584107840555635,
      0.0623040978517202,
      0.03455845557834676,
      0.055711855134679224,
      0.03457905512224177,
      0.041976817739705324,
      0.09294669673681846,
      0.03474501748532039,
      0.6806522670672565,
      0.034584885181834696,
      0.05256828700217363,
      0.17865809518349623,
      0.03461345247384003,
      0.27603175050454304,
      0.034578860786922,
      0.03628706824764927,
      0.3845662775749672,
      0.03526661348356749
    ],
    "val_miou": [
      0.019187881797552108,
      0.023562220623716712,
      0.0413801334798336,
      0.029698784463107586,
      0.09960907511413097,
      0.010684529968159495,
      0.013025020507484442,
      0.1037896447815001,
      0.019957916573275725,
      0.06538685015402734,
      0.017407033243216574,
      0.0228879414498806,
      0.12563740877279392,
      0.1710518468171358,
      0.009104067627959012,
      0.014893618877977133,
      0.06405524412548402,
      0.01252205664786743,
      0.008991411865281407,
      0.039947203687916044,
      0.02733623686071951,
      0.08388634701259434,
      0.013460208872857038,
      0.17218446917831898,
      0.10350366204511374,
      0.010891897953115404,
      0.05259485365240835,
      0.13488864991813898,
      0.18999849539250135,
      0.014667642788178151,
      0.009545620661810972,
      0.010320786223246614,
      0.011531352687294808,
      0.020525875501334667,
      0.008646506816148758,
      0.022205882240086794,
      0.011526519229505539,
      0.019857169982666772,
      0.03009938976867943,
      0.008709557754855268,
      0.22761139716021717,
      0.008649713097383938,
      0.021446453252186377,
      0.058328976589109516,
      0.008660813071401208,
      0.0908101461827755,
      0.011526286602020264,
      0.012408992849183656,
      0.15989551392461485,
      0.011888371973327594
    ],