{
  "model": "SpectralAttentionHybridSN",
  "novelties": [
    "Spectral Self-Attention",
    "Multi-Objective Loss (CE+Dice+Boundary)"
  ],
  "hyperparameters": {
    "learning_rate": 5e-06,
    "batch_size": 1,
    "accumulation_steps": 4,
    "tile_size": 32,
    "num_epochs": 50,
    "attention_reduction": 16,
    "loss_weights": {
      "ce": 1.0,
      "dice": 1.0,
      "boundary": 0.5
    }
  },
  "test_results": {
    "pixel_accuracy": 0.3564343143806799,
    "mean_iou": 0.09159720224852208,
    "loss_total": 3.0953721853724696,
    "loss_ce": 1.9940645216501247,
    "loss_dice": 0.9439190355657834,
    "loss_boundary": 0.3147772574772764,
    "iou_per_class": [
      0.0,
      0.0009119622991420329,
      0.0,
      0.0,
      0.0,
      0.0,
      0.3654768466949463
    ]
  },
  "training_history": {
    "train_loss": [
      4.193992164645403,
      3.6961441387392173,
      3.6379418731951074,
      3.6014155456376806,
      3.5665974118070984,
      3.5299773186638577,
      3.4878150884700774,
      3.4490879789781967,
      3.4238868632506616,
      3.4073418520466943,
      3.39265052235933,
      3.3776888671464893,
      3.366722182856322,
      3.359415368618404
    ],
    "val_loss": [
      3.452583270769196,
      3.440701703139881,
      3.417414565051217,
      3.3845346063929886,
      3.451890464998957,
      3.4055753262179405,
      3.437167154650556,
      3.406269856568762,
      3.40459270504911,
      3.415184417453805,
      3.411456596102368,
      3.399019421716036,
      3.3954177631248963,
      3.365277051590919
    ],
    "train_acc": [
      0.3001209990416323,
      0.38377758274256285,
      0.4146067660626928,
      0.4271024473658484,
      0.4380735019004423,
      0.47560241100355394,
      0.5546203744086271,
      0.5935278137024778,
      0.6040234609092385,
      0.6121727150721817,
      0.6237203871192452,
      0.6399694772526332,
      0.6533380694232809,
      0.6647202228954701
    ],
    "val_acc": [
      0.444075250522519,
      0.4326908931554128,
      0.46488584257478743,
      0.5472367946721027,
      0.03952760970471719,
      0.1069116328150734,
      0.04545950100519943,
      0.04580736122757734,
      0.04782747687652613,
      0.037338422327573555,
      0.03873627628263739,
      0.03743384096957777,
      0.0396084531977391,
      0.048950540689443406
    ],
    "val_miou": [
      0.08722070200989644,
      0.1277420987462392,
      0.1343652354553342,
      0.15139168687164783,
      0.015478948752085367,
      0.03577124245930463,
      0.023886151297726126,
      0.02307998078564803,
      0.02210449706763029,
      0.014474222746988138,
      0.016450122525081195,
      0.01467152062105015,
      0.01664962472083668,
      0.02625113306567073
    ],
    "train_loss_ce": [
      1.997367777263157,
      1.9092022706890017,
      1.862640552679845,
      1.8300503392038354,
      1.7976752864309105,
      1.763849689852208,
      1.7250347419620333,
      1.6891307758113872,
      1.6659059383120107,
      1.6506863401817766,
      1.637290832839485,
      1.6235141439720697,
      1.6136009142507106,
      1.6069172629169892
    ],
    "train_loss_dice": [
      0.9366701663479526,
      0.9318176341344075,
      0.928566356220104,
      0.925872562669625,
      0.9233464396033053,
      0.9205369760086406,
      0.917509221014212,
      0.9147135318706608,
      0.9127372522062456,
      0.9114118382265658,
      0.9101160143237074,
      0.9089310483097257,
      0.9078776000383499,
      0.9072544343831696
    ],
    "train_loss_boundary": [
      2.5199084390391553,
      1.710248466905386,
      1.693469931048007,
      1.6909852852312066,
      1.6911513701375605,
      1.691181306106723,
      1.6905422548801432,
      1.6904873441204782,
      1.6904873441204782,
      1.6904873441204782,
      1.6904873441204782,
      1.6904873441204782,
      1.6904873441204782,
      1.6904873441204782
    ],
    "val_loss_ce": [
      1.902595967587859,
      1.8926857054631054,
      1.8712790555056875,
      1.8408062271629981,
      1.9053853520513544,
      1.86139106361353,
      1.8908502732339179,
      1.8612203684636441,
      1.8597003787013262,
      1.8699409474235285,
      1.8668651148368285,
      1.8553091014381373,
      1.8513200226353945,
      1.8229764045309962
    ],
    "val_loss_dice": [
      0.93679343546303,
      0.9348221281801621,
      0.9329416406347109,
      0.9305345109991126,
      0.9333112417145251,
      0.9309903942270837,
      0.9331230135937246,
      0.9318556196231849,
      0.9316984589119132,
      0.9320496018098589,
      0.9313976119676779,
      0.930516450666218,
      0.9309038700618925,
      0.9291067757326998
    ],
    "val_loss_boundary": [
      1.2263877398223952,
      1.2263877398223952,
      1.2263877398223952,
      1.2263877398223952,
      1.2263877398223952,
      1.2263877398223952,
      1.2263877398223952,
      1.2263877398223952,
      1.2263877398223952,
      1.2263877398223952,
      1.2263877398223952,
      1.2263877398223952,
      1.2263877398223952,
      1.2263877398223952
    ]
  }
}